Member_ID,FName,LName,Phone,Email,Street,Number,City,EventTimestamp
1,Danny,Hernandez,+1-482-547-1994x95799,danny.hernandez@example.com,Jones Club,042,Berlin,2024-06-11 16:04:53
2,Adam,Medina,+1-287-235-2434x60459,adam.medina@example.com,Mcconnell Village,855,Los Angeles,2024-06-11 16:04:53
3,Todd,Mitchell,(713)680-5347x477,todd.mitchell@example.com,Reed Cove,624,Tokyo,2024-06-11 16:04:53
4,Brian,Jordan,557.482.4928x487,brian.jordan@example.com,Mays Island,095,Havana,2024-06-11 16:04:53
5,Robert,Wolf,427-832-3825x12737,robert.wolf@example.com,Joe Squares,7719,Athens,2024-06-11 16:04:53
6,Cassie,Williamson,598.252.8698x497,cassie.williamson@example.com,Neal Ferry,07009,Montreal,2024-06-11 16:04:53
7,Luke,Lewis,354.945.3540x74461,luke.lewis@example.com,Bell Rapids,731,Madrid,2024-06-11 16:04:53
8,Brandon,Estrada,(691)311-3418x547,brandon.estrada@example.com,Mary Wells,909,Melbourne,2024-06-11 16:04:53
9,Ariana,Parsons,001-558-898-9031x7388,ariana.parsons@example.com,Perkins Way,185,London,2024-06-11 16:04:53
10,Peter,Alvarez,203-617-9811,peter.alvarez@example.com,Julie Lights,3265,New York,2024-06-11 16:04:53
11,Christopher,Stewart,(794)601-6758x4178,christopher.stewart@example.com,Jones Squares,483,Melbourne,2024-06-11 16:04:53
12,Xavier,Collins,001-462-350-6364x011,xavier.collins@example.com,Jones Lodge,671,Havana,2024-06-11 16:04:53
13,Jacqueline,Williams,+1-521-377-5501x01102,jacqueline.williams@example.com,Christopher Parks,81242,Tokyo,2024-06-11 16:04:53
14,Rebecca,Mosley,(966)350-1516x51257,rebecca.mosley@example.com,Lee Village,130,Los Angeles,2024-06-11 16:04:53
15,Brittney,Hines,596-965-6404x4539,brittney.hines@example.com,Jason Hills,64095,London,2024-06-11 16:04:53
16,Tiffany,Morales,592.710.2974x20668,tiffany.morales@example.com,Cantu Radial,072,Athens,2024-06-11 16:04:53
17,Lorraine,Snyder,+1-641-487-9417,lorraine.snyder@example.com,Evans Landing,8815,Montreal,2024-06-11 16:04:53
18,Karen,Carter,351-802-7326,karen.carter@example.com,Clark Mill,1774,Berlin,2024-06-11 16:04:53
19,Catherine,Smith,5163825737,catherine.smith@example.com,Green Extensions,245,Madrid,2024-06-11 16:04:53
20,Rhonda,Jackson,(255)691-2899x341,rhonda.jackson@example.com,Scott Circles,89975,New York,2024-06-11 16:04:53
21,Rachael,Singh,+1-782-675-7832x9293,rachael.singh@example.com,Gonzalez Junction,64146,Tokyo,2024-06-11 16:04:53
22,Alexandra,Knight,+1-643-716-5682x6587,alexandra.knight@example.com,Cohen Knolls,5964,Havana,2024-06-11 16:04:53
23,Kelly,Wright,661-622-2995,kelly.wright@example.com,Tonya Extension,479,London,2024-06-11 16:04:53
24,Christy,Koch,3268594595,christy.koch@example.com,Burke Keys,319,Berlin,2024-06-11 16:04:53
25,Patricia,Beasley,209.307.1215,patricia.beasley@example.com,Nelson Mall,3884,Melbourne,2024-06-11 16:04:53
26,Todd,Scott,+1-394-307-3213x708,todd.scott@example.com,Johnston Port,03848,Montreal,2024-06-11 16:04:53
27,Nicole,Roberts,+1-798-456-6327x945,nicole.roberts@example.com,Richard Inlet,03717,Athens,2024-06-11 16:04:53
28,Stacey,Arnold,001-777-384-8017x8928,stacey.arnold@example.com,Dustin Locks,2949,Madrid,2024-06-11 16:04:53
29,Jessica,Williamson,+1-344-548-8625x54181,jessica.williamson@example.com,Ochoa Loaf,011,New York,2024-06-11 16:04:53
30,Katie,Hunt,507.231.0514x743,katie.hunt@example.com,Ruiz Ranch,23573,Los Angeles,2024-06-11 16:04:53
31,Randall,Williams,361.354.9542,randall.williams@example.com,Gilmore Lights,55891,Havana,2024-06-11 16:04:53
32,Scott,Chavez,646.328.1203,scott.chavez@example.com,Dunn Walks,088,Berlin,2024-06-11 16:04:53
33,Rebekah,Patrick,001-443-562-5254x27985,rebekah.patrick@example.com,Lewis Island,272,Tokyo,2024-06-11 16:04:53
34,Tina,Anderson,279-346-0781x730,tina.anderson@example.com,Jordan Stream,18741,Madrid,2024-06-11 16:04:53
35,John,Lee,266.315.3519,john.lee@example.com,Gross Mission,952,London,2024-06-11 16:04:53
36,Sean,Fox,7368640358,sean.fox@example.com,Ashley Trail,78019,Athens,2024-06-11 16:04:53
37,Derek,Powers,3036256428,derek.powers@example.com,Steele Courts,95470,Montreal,2024-06-11 16:04:53
38,Kim,Marquez,001-802-401-1324,kim.marquez@example.com,Caitlin Rapid,03471,Los Angeles,2024-06-11 16:04:53
39,Russell,Stark,+1-494-528-2039x274,russell.stark@example.com,Miller Alley,66806,Melbourne,2024-06-11 16:04:53
40,Amanda,Garcia,2418179857,amanda.garcia@example.com,Amy Tunnel,3591,New York,2024-06-11 16:04:53
